Workbook

Sheet Dashboard
B2: Edge AI Accelerator FPGA-Based
B3: Verification Plan Dashboard
B4: Team: Kareem, Zyad, Roaa, Dana
B6: =COUNTA('Features'!$A$2:$A$9) | E6: =COUNTIF('Features'!$H$2:$H$9,"COMPLETE") | H6: =COUNTA('Test Cases'!$A$2:$A$21) | K6: =COUNTIF('Test Cases'!$F$2:$F$21,"Passed") | N6: =MAX(0,(COUNTA('Test Cases'!$A$2:$A$21))-(COUNTIF('Test Cases'!$F$2:$F$21,"Passed"))-(COUNTIF('Test Cases'!$F$2:$F$21,"Failed"))-(COUNTIF('Test Cases'!$F$2:$F$21,"NotStarted"))) | Q6: =COUNTIF('Test Cases'!$F$2:$F$21,"Failed") | T6: =COUNTIF('Test Cases'!$F$2:$F$21,"NotStarted")
B7: Total Features | E7: Completed Features | H7: Total Test Cases | K7: Passed | N7: Pending | Q7: Failed | T7: Not Started
B9: =COUNTA('Modules'!$A$2:$A$2) | E9: =COUNTIF('Modules'!$C$2:$C$2,"COMPLETE") | H9: =COUNTA('FUNC COV'!$C$2:$C$13) | K9: =COUNTIF('FUNC COV'!$E$2:$E$13,"Hit") | N9: =COUNTA('SVA'!$A$2:$A$3) | Q9: =COUNTIF('SVA'!$E$2:$E$3,"Passed")
B10: Total Modules | E10: Modules Complete | H10: Total Coverpoints | K10: Coverpoints Hit | N10: Total SVA | Q10: SVA Passed
B12: =IFERROR(((COUNTIF('Test Cases'!$F$2:$F$21,"Passed"))+(COUNTIF('Test Cases'!$F$2:$F$21,"Failed")))/(COUNTA('Test Cases'!$A$2:$A$21)),0) | H12: =IFERROR((COUNTIF('Test Cases'!$F$2:$F$21,"Passed"))/(COUNTA('Test Cases'!$A$2:$A$21)),0) | N12: =IFERROR((COUNTIF('FUNC COV'!$E$2:$E$13,"Hit"))/(COUNTA('FUNC COV'!$C$2:$C$13)),0) | T12: =IFERROR((COUNTIF('SVA'!$E$2:$E$3,"Passed"))/(COUNTA('SVA'!$A$2:$A$3)),0)
B13: Overall Progress % | H13: Overall Passed % | N13: Functional Coverage % | T13: SVA Pass %
B15: Progress | H15: Pass Rate
B16: =IFERROR(((COUNTIF('Test Cases'!$F$2:$F$21,"Passed"))+(COUNTIF('Test Cases'!$F$2:$F$21,"Failed")))/(COUNTA('Test Cases'!$A$2:$A$21)),0) | H16: =IFERROR((COUNTIF('Test Cases'!$F$2:$F$21,"Passed"))/(COUNTA('Test Cases'!$A$2:$A$21)),0)
B19: Status | C19: Count | E19: Developer | F19: Owned Testcases | G19: Passed | H19: Pass % | I19: Team | J19: Coverpoint Status | K19: Count | M19: SVA Status | N19: Count
B20: NotStarted | C20: =COUNTIF('Test Cases'!$F$2:$F$21,"NotStarted") | E20: Kareem | F20: =COUNTIF('Test Cases'!$G$2:$G$21,"Kareem") | G20: =COUNTIFS('Test Cases'!$G$2:$G$21,"Kareem",'Test Cases'!$F$2:$F$21,"Passed") | H20: =IFERROR(G20/F20,0) | J20: NotStarted | K20: =COUNTIF('FUNC COV'!$E$2:$E$13,"NotStarted") | M20: NotStarted | N20: =COUNTIF('SVA'!$E$2:$E$3,"NotStarted")
B21: Pending | C21: =COUNTIF('Test Cases'!$F$2:$F$21,"Pending") | E21: Zyad | F21: =COUNTIF('Test Cases'!$G$2:$G$21,"Zyad") | G21: =COUNTIFS('Test Cases'!$G$2:$G$21,"Zyad",'Test Cases'!$F$2:$F$21,"Passed") | H21: =IFERROR(G21/F21,0) | J21: Pending | K21: =COUNTIF('FUNC COV'!$E$2:$E$13,"Pending") | M21: Pending | N21: =COUNTIF('SVA'!$E$2:$E$3,"Pending")
B22: Passed | C22: =COUNTIF('Test Cases'!$F$2:$F$21,"Passed") | E22: Roaa | F22: =COUNTIF('Test Cases'!$G$2:$G$21,"Roaa") | G22: =COUNTIFS('Test Cases'!$G$2:$G$21,"Roaa",'Test Cases'!$F$2:$F$21,"Passed") | H22: =IFERROR(G22/F22,0) | J22: Hit | K22: =COUNTIF('FUNC COV'!$E$2:$E$13,"Hit") | M22: Passed | N22: =COUNTIF('SVA'!$E$2:$E$3,"Passed")
B23: Failed | C23: =COUNTIF('Test Cases'!$F$2:$F$21,"Failed") | E23: Dana | F23: =COUNTIF('Test Cases'!$G$2:$G$21,"Dana") | G23: =COUNTIFS('Test Cases'!$G$2:$G$21,"Dana",'Test Cases'!$F$2:$F$21,"Passed") | H23: =IFERROR(G23/F23,0) | J23: Miss | K23: =COUNTIF('FUNC COV'!$E$2:$E$13,"Miss") | M23: Failed | N23: =COUNTIF('SVA'!$E$2:$E$3,"Failed")

Sheet Lists
A1: TestCaseStatus | B1: Owner | C1: SVAStatus | D1: CPStatus | E1: CPType
A2: NotStarted | B2: Kareem | C2: NotStarted | D2: NotStarted | E2: bin
A3: Pending | B3: Zyad | C3: Pending | D3: Pending | E3: cross
A4: Passed | B4: Roaa | C4: Passed | D4: Hit | E4: transition
A5: Failed | B5: Dana | C5: Failed | D5: Miss

Sheet Test Cases
A1: Test Case ID | B1: Feature | C1: Parameter | D1: Value | E1: Expected Behaviour | F1: Status | G1: Owner | H1: Last Modified | I1: Feature Key | J1: Module ID
A2: TC001.1_AssertReset | B2: F001 | C2: rst_n | D2: AssertReset | E2: DUT shall set at '0 'busy' 'done' 'output_valid' 'output_rdata' | F2: NotStarted | I2: |F001| | J2: M001
A3: TC001.2_ReleaseReset | B3: F001 | C3: rst_n | D3: ReleaseReset | E3: DUT shall set at '0 'busy' 'done' 'output_valid' 'output_rdata' | F3: NotStarted | I3: |F001| | J3: M001
A4: TC002.1_1b0 | B4: F002 | C4: start | D4: 1'b0 | E4: DUT shall set 'busy' at 1'b1 'done' at 1'b0 | F4: NotStarted | I4: |F002| | J4: M001
A5: TC002.2_1b1 | B5: F002 | C5: start | D5: 1'b1 | E5: DUT shall set 'busy' at 1'b1 'done' at 1'b0 | F5: NotStarted | I5: |F002| | J5: M001
A6: TC003.1_Black | B6: F003; F004; F007 | C6: InputImg | D6: Black | E6: DUT shall do nothing holding the current statue | DUT shall hold the last pixel_in | DUT shall generate one valid output each cycle after geting into pipeline-full | F6: NotStarted | I6: |F003|F004|F007| | J6: M001
A7: TC003.2_White | B7: F003; F004; F007 | C7: InputImg | D7: White | E7: DUT shall do nothing holding the current statue | DUT shall hold the last pixel_in | DUT shall generate one valid output each cycle after geting into pipeline-full | F7: NotStarted | I7: |F003|F004|F007| | J7: M001
A8: TC003.3_VirticalEdge | B8: F003; F004; F007 | C8: InputImg | D8: VirticalEdge | E8: DUT shall do nothing holding the current statue | DUT shall hold the last pixel_in | DUT shall generate one valid output each cycle after geting into pipeline-full | F8: NotStarted | I8: |F003|F004|F007| | J8: M001
A9: TC003.4_HorizontalEdge | B9: F003; F004; F007 | C9: InputImg | D9: HorizontalEdge | E9: DUT shall do nothing holding the current statue | DUT shall hold the last pixel_in | DUT shall generate one valid output each cycle after geting into pipeline-full | F9: NotStarted | I9: |F003|F004|F007| | J9: M001
A10: TC003.5_CenteredImpulse | B10: F003; F004; F007 | C10: InputImg | D10: CenteredImpulse | E10: DUT shall do nothing holding the current statue | DUT shall hold the last pixel_in | DUT shall generate one valid output each cycle after geting into pipeline-full | F10: NotStarted | I10: |F003|F004|F007| | J10: M001
A11: TC003.6_CenteredSquare | B11: F003; F004; F007 | C11: InputImg | D11: CenteredSquare | E11: DUT shall do nothing holding the current statue | DUT shall hold the last pixel_in | DUT shall generate one valid output each cycle after geting into pipeline-full | F11: NotStarted | I11: |F003|F004|F007| | J11: M001
A12: TC003.7_RANDOM | B12: F003; F004; F007 | C12: InputImg | D12: RANDOM | E12: DUT shall do nothing holding the current statue | DUT shall hold the last pixel_in | DUT shall generate one valid output each cycle after geting into pipeline-full | F12: NotStarted | I12: |F003|F004|F007| | J12: M001
A13: TC004.1_3 | B13: F006 | C13: N | D13: 3 | E13: DUT shall holds for different kernel sizes | F13: NotStarted | I13: |F006| | J13: M001
... A21: TC006.4_RANDOM | B21: F005 | C21: kernel | D21: RANDOM | E21: DUT shall generates positive outputs with both positive & negative kernels | F21: NotStarted | I21: |F005| | J21: M001

Sheet Features
A1: Feature ID | B1: Feature | C1: Description | D1: Verification Goal | E1: Related Testcases | F1: Passed Testcases | G1: Completion % | H1: Status | I1: Module ID
A2: F001 | B2: Reset | C2: Verify accelerator enters reset state | D2: DUT shall set at '0 'busy' 'done' 'output_valid' 'output_rdata' | E2: =SUMPRODUCT(--ISNUMBER(SEARCH("|"&A2&"|",'Test Cases'!$I$2:$I$21))) | F2: =SUMPRODUCT(--ISNUMBER(SEARCH("|"&A2&"|",'Test Cases'!$I$2:$I$21))*('Test Cases'!$F$2:$F$21="Passed")) | G2: =IFERROR(F2/E2,0) | H2: =IF(E2=0,"NOT STARTED",IF(F2=E2,"COMPLETE",IF(SUMPRODUCT(--ISNUMBER(SEARCH("|"&A2&"|",'Test Cases'!$I$2:$I$21))*('Test Cases'!$F$2:$F$21="NotStarted"))=E2,"NOT STARTED","IN PROGRESS"))) | I2: M001
A3: F002 | B3: Start Cmd | C3: Verify fsm transition to PROCESSING | D3: DUT shall set 'busy' at 1'b1 'done' at 1'b0 | E3: =SUMPRODUCT(--ISNUMBER(SEARCH("|"&A3&"|",'Test Cases'!$I$2:$I$21))) | F3: =SUMPRODUCT(--ISNUMBER(SEARCH("|"&A3&"|",'Test Cases'!$I$2:$I$21))*('Test Cases'!$F$2:$F$21="Passed")) | G3: =IFERROR(F3/E3,0) | H3: =IF(E3=0,"NOT STARTED",IF(F3=E3,"COMPLETE",IF(SUMPRODUCT(--ISNUMBER(SEARCH("|"&A3&"|",'Test Cases'!$I$2:$I$21))*('Test Cases'!$F$2:$F$21="NotStarted"))=E3,"NOT STARTED","IN PROGRESS"))) | I3: M001
A4: F003 | B4: Pixel Latency | C4: Verify accelerator holds | D4: DUT shall do nothing holding the current statue | E4: =SUMPRODUCT(--ISNUMBER(SEARCH("|"&A4&"|",'Test Cases'!$I$2:$I$21))) | F4: =SUMPRODUCT(--ISNUMBER(SEARCH("|"&A4&"|",'Test Cases'!$I$2:$I$21))*('Test Cases'!$F$2:$F$21="Passed")) | G4: =IFERROR(F4/E4,0) | H4: =IF(E4=0,"NOT STARTED",IF(F4=E4,"COMPLETE",IF(SUMPRODUCT(--ISNUMBER(SEARCH("|"&A4&"|",'Test Cases'!$I$2:$I$21))*('Test Cases'!$F$2:$F$21="NotStarted"))=E4,"NOT STARTED","IN PROGRESS"))) | I4: M001
A5: F004 | B5: Pixel Dropp | C5: Verify accelerator handles dropped pixels | D5: DUT shall hold the last pixel_in | E5: =SUMPRODUCT(--ISNUMBER(SEARCH("|"&A5&"|",'Test Cases'!$I$2:$I$21))) | F5: =SUMPRODUCT(--ISNUMBER(SEARCH("|"&A5&"|",'Test Cases'!$I$2:$I$21))*('Test Cases'!$F$2:$F$21="Passed")) | G5: =IFERROR(F5/E5,0) | H5: =IF(E5=0,"NOT STARTED",IF(F5=E5,"COMPLETE",IF(SUMPRODUCT(--ISNUMBER(SEARCH("|"&A5&"|",'Test Cases'!$I$2:$I$21))*('Test Cases'!$F$2:$F$21="NotStarted"))=E5,"NOT STARTED","IN PROGRESS"))) | I5: M001
A6: F005 | B6: RelU | C6: Verify accelerator generates positive outputs only | D6: DUT shall generates positive outputs with both positive & negative kernels | E6: =SUMPRODUCT(--ISNUMBER(SEARCH("|"&A6&"|",'Test Cases'!$I$2:$I$21))) | F6: =SUMPRODUCT(--ISNUMBER(SEARCH("|"&A6&"|",'Test Cases'!$I$2:$I$21))*('Test Cases'!$F$2:$F$21="Passed")) | G6: =IFERROR(F6/E6,0) | H6: =IF(E6=0,"NOT STARTED",IF(F6=E6,"COMPLETE",IF(SUMPRODUCT(--ISNUMBER(SEARCH("|"&A6&"|",'Test Cases'!$I$2:$I$21))*('Test Cases'!$F$2:$F$21="NotStarted"))=E6,"NOT STARTED","IN PROGRESS"))) | I6: M001
A7: F006 | B7: Kernel Programability | C7: Verify accelerator handles different kernel sizes | D7: DUT shall holds for different kernel sizes | E7: =SUMPRODUCT(--ISNUMBER(SEARCH("|"&A7&"|",'Test Cases'!$I$2:$I$21))) | F7: =SUMPRODUCT(--ISNUMBER(SEARCH("|"&A7&"|",'Test Cases'!$I$2:$I$21))*('Test Cases'!$F$2:$F$21="Passed")) | G7: =IFERROR(F7/E7,0) | H7: =IF(E7=0,"NOT STARTED",IF(F7=E7,"COMPLETE",IF(SUMPRODUCT(--ISNUMBER(SEARCH("|"&A7&"|",'Test Cases'!$I$2:$I$21))*('Test Cases'!$F$2:$F$21="NotStarted"))=E7,"NOT STARTED","IN PROGRESS"))) | I7: M001
A8: F007 | B8: Full-Parallel | C8: Verify accelerator generate an output pixel each cycle | D8: DUT shall generate one valid output each cycle after geting into pipeline-full | E8: =SUMPRODUCT(--ISNUMBER(SEARCH("|"&A8&"|",'Test Cases'!$I$2:$I$21))) | F8: =SUMPRODUCT(--ISNUMBER(SEARCH("|"&A8&"|",'Test Cases'!$I$2:$I$21))*('Test Cases'!$F$2:$F$21="Passed")) | G8: =IFERROR(F8/E8,0) | H8: =IF(E8=0,"NOT STARTED",IF(F8=E8,"COMPLETE",IF(SUMPRODUCT(--ISNUMBER(SEARCH("|"&A8&"|",'Test Cases'!$I$2:$I$21))*('Test Cases'!$F$2:$F$21="NotStarted"))=E8,"NOT STARTED","IN PROGRESS"))) | I8: M001
A9: F008 | B9: MEM Read | C9: Verify accelerator support output memory access | D9: DUT shall give access to the source to fetch processed pixels | E9: =SUMPRODUCT(--ISNUMBER(SEARCH("|"&A9&"|",'Test Cases'!$I$2:$I$21))) | F9: =SUMPRODUCT(--ISNUMBER(SEARCH("|"&A9&"|",'Test Cases'!$I$2:$I$21))*('Test Cases'!$F$2:$F$21="Passed")) | G9: =IFERROR(F9/E9,0) | H9: =IF(E9=0,"NOT STARTED",IF(F9=E9,"COMPLETE",IF(SUMPRODUCT(--ISNUMBER(SEARCH("|"&A9&"|",'Test Cases'!$I$2:$I$21))*('Test Cases'!$F$2:$F$21="NotStarted"))=E9,"NOT STARTED","IN PROGRESS"))) | I9: M001

Sheet Modules
A1: Module ID | B1: Module Name | C1: Status | D1: Total Features | E1: Completed Features
A2: M001 | B2: Accelerator Top | C2: =IF(D2=0,"NOT STARTED",IF(E2=D2,"COMPLETE",IF(COUNTIFS('Features'!$I$2:$I$9,"M001",'Features'!$H$2:$H$9,"NOT STARTED")=D2,"NOT STARTED","IN PROGRESS"))) | D2: =COUNTIF('Features'!$I$2:$I$9,"M001") | E2: =COUNTIFS('Features'!$I$2:$I$9,"M001",'Features'!$H$2:$H$9,"COMPLETE")

Sheet FUNC COV
A1: Cov Grp ID | B1: Covergroup Name | C1: Coverpoint Name | D1: Type | E1: Status
A2: CG001 | B2: cg_accelerator | C2: cp_reset.active | D2: bin | E2: NotStarted
A3: CG001 | B3: cg_accelerator | C3: cp_reset.inactive | D3: bin | E3: NotStarted
A4: CG001 | B4: cg_accelerator | C4: cp_drop.active | D4: bin | E4: NotStarted
A5: CG001 | B5: cg_accelerator | C5: cp_drop.inactive | D5: bin | E5: NotStarted
A6: CG001 | B6: cg_accelerator | C6: cp_start.active | D6: bin | E6: NotStarted
A7: CG001 | B7: cg_accelerator | C7: cp_start.inactive | D7: bin | E7: NotStarted
A8: CG001 | B8: cg_accelerator | C8: cp_last.active | D8: bin | E8: NotStarted
A9: CG001 | B9: cg_accelerator | C9: cp_last.inactive | D9: bin | E9: NotStarted
A10: CG001 | B10: cg_accelerator | C10: cp_pixel.allOnes | D10: bin | E10: NotStarted
A11: CG001 | B11: cg_accelerator | C11: cp_pixel.allZeross | D11: bin | E11: NotStarted
A12: CG001 | B12: cg_accelerator | C12: cp_kernel.negative | D12: bin | E12: NotStarted
A13: CG001 | B13: cg_accelerator | C13: cp_kernel.positive | D13: bin | E13: NotStarted

Sheet SVA
A1: Assert ID | B1: Assertion Name | C1: Type | D1: Property | E1: Status
A2: SVA001 | B2: start_cmd | C2: @(posedge clk) disable iff(!rst_n) start |=> busy | D2: concurrent | E2: NotStarted
A3: SVA002 | B3: end_of_frame | C3: @(posedge clk) disable iff(!rst_n) (pixel_last && pixel_valid) |=> done | D3: concurrent | E3: NotStarted

Sheet Parameters
A1: Sweep Parameters
A2: Every parameter and the values that are swept across test cases.
A4: Module ID | B4: Parameter | C4: Value Index | D4: Value
A5: M001 | B5: rst_n | C5: 1 | D5: AssertReset
A6: M001 | B6: rst_n | C6: 2 | D6: ReleaseReset
A7: M001 | B7: start | C7: 1 | D7: 1'b0
A8: M001 | B8: start | C8: 2 | D8: 1'b1
A9: M001 | B9: kernel | C9: 1 | D9: AllZeros
A10: M001 | B10: kernel | C10: 2 | D10: AllOnes
A11: M001 | B11: kernel | C11: 3 | D11: AllNegative
A12: M001 | B12: kernel | C12: 4 | D12: RANDOM
A13: M001 | B13: InputImg | C13: 1 | D13: Black
A14: M001 | B14: InputImg | C14: 2 | D14: White
A15: M001 | B15: InputImg | C15: 3 | D15: VirticalEdge
A16: M001 | B16: InputImg | C16: 4 | D16: HorizontalEdge
... A24: M001 | B24: output_raddr | C24: 2 | D24: OUT_DEPTH-1
